Workbook

Sheet INDICE 
B2: CONTENIDO - PLANTILLA FODA | S2: q
C4: N° | F4: DESCRIPCIÓN | K4: N° | N4: DESCRIPCIÓN
C6: 1 | F6: VISIÓN, MISIÓN, VALORES CORPORATIVOS | K6: 6 | N6: DASHBOARD
C8: 2 | F8: MATRIZ FODA
C10: 3 | F10: EVALUACIÓN DE FACTORES INTERNOS Y EXTERNOS
C12: 4 | F12: MATRIZ CRUZADA DE FACTORES (FODA CRUZADO)
C14: 5 | F14: PLANES DE ACCIÓN

Sheet VIMIVA
D2: ARCDATA | H2: Código:
H3: Versión:
H4: Página:
H5: Fecha
B8: VISION
B9: Transformar la atencion medica Con nuestro aplicativo web, diseñado para la fundacion arcangeles esta agilizara la gestion de pacientes y facilitar el acceso a la informacion, con una interface intuitiva y herramientas personalisables. Estamos seguros que mejorara la calidad de los servicio de la fundacion
B15: MISIÓN
B16: Reconocer y mejorar la calidad de vida a las personas con discapacidad fisica a traves de la rehabilitacion para promover le inclusion en la economia social y laboral
B22: VALORES CORPORATIVOS
B23: Compromiso, Transparencia, Sostenibilidad, Creatividad, Pasión

Sheet FODA
D2: =+VIMIVA!D2 -> ARCDATA | J2: Código: | K2: =+VIMIVA!J2 -> 0
J3: Versión: | K3: =+VIMIVA!J3 -> 0
D4: ANÁLISIS FODA | J4: Página: | K4: =+VIMIVA!J4 -> 0
J5: Fecha | K5: =+VIMIVA!J5 -> 0
F6: MATRIZ FODA
B7: ANÁLISIS INTERNO | D7: F | E7: FORTALEZAS | H7: D | I7: DEBILIDADES
D8: F1 | E8: Desarrollo intuitivo con nuevas inteligencias disrruptivas | H8: D1 | I8: Falta de personal
D9: F2 | E9: soluciones innovadoras | H9: D2 | I9: musculo financiero
D10: F3 | E10: mejorar el servicio de atencion a personas discapacitadas | H10: D3 | I10: posisionamiento en el mercado
D11: F4 | E11: manejamos precios competitivos con calidad y servicio | H11: D4 | I11: tiempo de trabajo del stayholder
D12: F5 | E12: manejo de informacion en una sola plataforma | H12: D5 | I12: manejo de herramientas interactivas
B13: ANÁLISIS EXTERNO | D13: O | E13: OPORTUNIDADES | H13: A | I13: AMENAZAS
D14: O1 | E14: mercado en que se va a generar el proyecto | H14: A1 | I14: tendencia al incremento de app
D15: O2 | E15: generar tendencia en el producto desarrolado | H15: A2 | I15: disponibilidad de internet
D16: O3 | E16: escalabilidad aplicación web | H16: A3 | I16: fallo en los servidor
D17: O4 | E17: calidad en el servicio atraves de las pqrs | H17: A4 | I17: cambio en el sistema de salud
D18: O5 | E18: Desarrollor evolutivos | H18: A5 | I18: fallo en las actualizaciones de los sistemas operativos
B20: Elaborado por: | F20: Revisado por: | J20: Aprobado por:
B21: Cesar Cifuentes | F21: Jairo Salcedo | J21: Jairo Salcedo
B22: Mateo Naranjo | F22: Cargo: | J22: Cargo:
B23: Bryan Cardozo
B24: David Quintero
B26: Firma: | F26: Firma: | J26: Firma:

Sheet FACTORES
C2: =+VIMIVA!D2 -> ARCDATA | F2: Código: | H2: =+VIMIVA!L2 -> 0
F3: Versión: | H3: =+VIMIVA!L3 -> 0
C4: ANÁLISIS FODA | F4: Página: | H4: =1+'ESTRATEGIAS '!L4 -> 1
F5: Fecha | H5: =+VIMIVA!L5 -> 0
B7: Matriz de Evaluación de Factores internos
B8: Evaluación | C8: TIPO | D8: N° | E8: Descripción | F8: Importancia | G8: Impacto | H8: Tendencia | I8: Puntuación | K8: Valor | L8: Importancia | M8: Impacto | N8: Tendencia | O8: Urgencia | X8: Importancia | Y8: Intensidad | Z8: Tendencia | AA8: Urgencia
B9: Factores internos (EFI) | C9: Fortalezas | D9: =+FODA!D8 -> F1 | E9: =+FODA!E8 -> Desarrollo intuitivo con nuevas inteligencias disrruptivas | F9: Importante | G9: Promedio | H9: Se mantiene | I9: =+IF(F9=$L$9,1,IF(F9=$L$10,2,IF(F9=$L$11,3,IF(F9=$L$12,4,IF(F9=$L$13,5,0)))))*IF(G9=$M$9,1,IF(G9=$M$10,2,IF(G9=$M$11,3,IF(G9=$M$12,4,IF(G9=$M$13,5,0)))))*IF(H9=$N$9,1,IF(H9=$N$10,2,IF(H9=$N$11,3,IF(H9=$N$12,4,IF(H9=$N$13,5,0))))) -> 27 | K9: 1 | L9: Sin importancia | M9: Muy debil | N9: Mala | O9: no urgente | X9: Sin importancia | Y9: debil | Z9: mantiene | AA9: Nada urgente
B10: Factores internos (EFI) | C10: Fortalezas | D10: =+FODA!D9 -> F2 | E10: =+FODA!E9 -> soluciones innovadoras | F10: Muy importante | G10: Promedio | H10: Se mantiene | I10: =+IF(F10=$L$9,1,IF(F10=$L$10,2,IF(F10=$L$11,3,IF(F10=$L$12,4,IF(F10=$L$13,5,0)))))*IF(G10=$M$9,1,IF(G10=$M$10,2,IF(G10=$M$11,3,IF(G10=$M$12,4,IF(G10=$M$13,5,0)))))*IF(H10=$N$9,1,IF(H10=$N$10,2,IF(H10=$N$11,3,IF(H10=$N$12,4,IF(H10=$N$13,5,0))))) -> 36 | K10: 2 | L10: Poco importante | M10: debil | N10: Deficiente | O10: algo urgente | X10: Importante | Y10: fuerte | Z10: mejora | AA10: urgente
B11: Factores internos (EFI) | C11: Fortalezas | D11: =+FODA!D10 -> F3 | E11: =+FODA!E10 -> mejorar el servicio de atencion a personas discapacitadas | F11: Muy importante | G11: muy fuerte | H11: Mucha mejora | I11: =+IF(F11=$L$9,1,IF(F11=$L$10,2,IF(F11=$L$11,3,IF(F11=$L$12,4,IF(F11=$L$13,5,0)))))*IF(G11=$M$9,1,IF(G11=$M$10,2,IF(G11=$M$11,3,IF(G11=$M$12,4,IF(G11=$M$13,5,0)))))*IF(H11=$N$9,1,IF(H11=$N$10,2,IF(H11=$N$11,3,IF(H11=$N$12,4,IF(H11=$N$13,5,0))))) -> 100 | K11: 3 | L11: Importante | M11: Promedio | N11: Se mantiene | O11: Urgente prom. | X11: Muy importante | Y11: muy fuerte | Z11: empeora | AA11: muy urgente
B12: Factores internos (EFI) | C12: Fortalezas | D12: =+FODA!D11 -> F4 | E12: =+FODA!E11 -> manejamos precios competitivos con calidad y servicio | F12: Importante | G12: Promedio | H12: Se mantiene | I12: =+IF(F12=$L$9,1,IF(F12=$L$10,2,IF(F12=$L$11,3,IF(F12=$L$12,4,IF(F12=$L$13,5,0)))))*IF(G12=$M$9,1,IF(G12=$M$10,2,IF(G12=$M$11,3,IF(G12=$M$12,4,IF(G12=$M$13,5,0)))))*IF(H12=$N$9,1,IF(H12=$N$10,2,IF(H12=$N$11,3,IF(H12=$N$12,4,IF(H12=$N$13,5,0))))) -> 27 | K12: 4 | L12: Muy importante | M12: fuerte | N12: mejora | O12: Urgente
B13: Factores internos (EFI) | C13: Fortalezas | D13: =+FODA!D12 -> F5 | E13: =+FODA!E12 -> manejo de informacion en una sola plataforma | F13: Importante | G13: fuerte | H13: mejora | I13: =+IF(F13=$L$9,1,IF(F13=$L$10,2,IF(F13=$L$11,3,IF(F13=$L$12,4,IF(F13=$L$13,5,0)))))*IF(G13=$M$9,1,IF(G13=$M$10,2,IF(G13=$M$11,3,IF(G13=$M$12,4,IF(G13=$M$13,5,0)))))*IF(H13=$N$9,1,IF(H13=$N$10,2,IF(H13=$N$11,3,IF(H13=$N$12,4,IF(H13=$N$13,5,0))))) -> 48 | K13: 5 | L13: Total importante | M13: muy fuerte | N13: Mucha mejora | O13: muy urgente
B14: Factores internos (EFI) | C14: Debilidades | D14: =+FODA!H8 -> D1 | E14: =+FODA!I8 -> Falta de personal | F14: Poco importante | G14: debil | H14: Se mantiene | I14: =+IF(F14=$L$9,1,IF(F14=$L$10,2,IF(F14=$L$11,3,IF(F14=$L$12,4,IF(F14=$L$13,5,0)))))*IF(G14=$M$9,1,IF(G14=$M$10,2,IF(G14=$M$11,3,IF(G14=$M$12,4,IF(G14=$M$13,5,0)))))*IF(H14=$N$9,1,IF(H14=$N$10,2,IF(H14=$N$11,3,IF(H14=$N$12,4,IF(H14=$N$13,5,0))))) -> 12
B15: Factores internos (EFI) | C15: Debilidades | D15: =+FODA!H9 -> D2 | E15: =+FODA!I9 -> musculo financiero | F15: Importante | G15: Promedio | H15: mejora | I15: =+IF(F15=$L$9,1,IF(F15=$L$10,2,IF(F15=$L$11,3,IF(F15=$L$12,4,IF(F15=$L$13,5,0)))))*IF(G15=$M$9,1,IF(G15=$M$10,2,IF(G15=$M$11,3,IF(G15=$M$12,4,IF(G15=$M$13,5,0)))))*IF(H15=$N$9,1,IF(H15=$N$10,2,IF(H15=$N$11,3,IF(H15=$N$12,4,IF(H15=$N$13,5,0))))) -> 36
B16: Factores internos (EFI) | C16: Debilidades | D16: =+FODA!H10 -> D3 | E16: =+FODA!I10 -> posisionamiento en el mercado | F16: Importante | G16: Promedio | H16: mejora | I16: =+IF(F16=$L$9,1,IF(F16=$L$10,2,IF(F16=$L$11,3,IF(F16=$L$12,4,IF(F16=$L$13,5,0)))))*IF(G16=$M$9,1,IF(G16=$M$10,2,IF(G16=$M$11,3,IF(G16=$M$12,4,IF(G16=$M$13,5,0)))))*IF(H16=$N$9,1,IF(H16=$N$10,2,IF(H16=$N$11,3,IF(H16=$N$12,4,IF(H16=$N$13,5,0))))) -> 36
B17: Factores internos (EFI) | C17: Debilidades | D17: =+FODA!H11 -> D4 | E17: =+FODA!I11 -> tiempo de trabajo del stayholder | F17: Poco importante | G17: Promedio | H17: Se mantiene | I17: =+IF(F17=$L$9,1,IF(F17=$L$10,2,IF(F17=$L$11,3,IF(F17=$L$12,4,IF(F17=$L$13,5,0)))))*IF(G17=$M$9,1,IF(G17=$M$10,2,IF(G17=$M$11,3,IF(G17=$M$12,4,IF(G17=$M$13,5,0)))))*IF(H17=$N$9,1,IF(H17=$N$10,2,IF(H17=$N$11,3,IF(H17=$N$12,4,IF(H17=$N$13,5,0))))) -> 18
B18: Factores internos (EFI) | C18: Debilidades | D18: =+FODA!H12 -> D5 | E18: =+FODA!I12 -> manejo de herramientas interactivas | F18: Importante | G18: Promedio | H18: Se mantiene | I18: =+IF(F18=$L$9,1,IF(F18=$L$10,2,IF(F18=$L$11,3,IF(F18=$L$12,4,IF(F18=$L$13,5,0)))))*IF(G18=$M$9,1,IF(G18=$M$10,2,IF(G18=$M$11,3,IF(G18=$M$12,4,IF(G18=$M$13,5,0)))))*IF(H18=$N$9,1,IF(H18=$N$10,2,IF(H18=$N$11,3,IF(H18=$N$12,4,IF(H18=$N$13,5,0))))) -> 27
B20: Matriz de Evaluación de Factores externos
B21: Evaluación | C21: TIPO | D21: N° | E21: Descripción | F21: Importancia | G21: Urgencia | H21: Tendencia | I21: Puntuación | K21: RESUMEN | L21: PUNTAJE | M21: PORCENTAJE
B22: Factores externos (EFE) | C22: Oportunidades | D22: =+FODA!D14 -> O1 | E22: =+FODA!E14 -> mercado en que se va a generar el proyecto | F22: Importante | G22: algo urgente | H22: mejora | I22: =+IF(F22=$L$9,1,IF(F22=$L$10,2,IF(F22=$L$11,3,IF(F22=$L$12,4,IF(F22=$L$13,5,0)))))*IF(G22=$O$9,1,IF(G22=$O$10,2,IF(G22=$O$11,3,IF(G22=$O$12,4,IF(G22=$O$13,5,0)))))*IF(H22=$N$9,1,IF(H22=$N$10,2,IF(H22=$N$11,3,IF(H22=$N$12,4,IF(H22=$N$13,5,0))))) -> 24 | K22: Fortalezas | L22: =+SUM(I9:I13) -> 238 | M22: =+L22/$L$26 -> 0.33009709
B23: Factores externos (EFE) | C23: Oportunidades | D23: =+FODA!D15 -> O2 | E23: =+FODA!E15 -> generar tendencia en el producto desarrolado | F23: Importante | G23: Urgente prom. | H23: mejora | I23: =+IF(F23=$L$9,1,IF(F23=$L$10,2,IF(F23=$L$11,3,IF(F23=$L$12,4,IF(F23=$L$13,5,0)))))*IF(G23=$O$9,1,IF(G23=$O$10,2,IF(G23=$O$11,3,IF(G23=$O$12,4,IF(G23=$O$13,5,0)))))*IF(H23=$N$9,1,IF(H23=$N$10,2,IF(H23=$N$11,3,IF(H23=$N$12,4,IF(H23=$N$13,5,0))))) -> 36 | K23: Debilidades | L23: =+SUM(I14:I18) -> 129 | M23: =+L23/$L$26 -> 0.17891817
B24: Factores externos (EFE) | C24: Oportunidades | D24: =+FODA!D16 -> O3 | E24: =+FODA!E16 -> escalabilidad aplicación web | F24: Importante | G24: algo urgente | H24: Se mantiene | I24: =+IF(F24=$L$9,1,IF(F24=$L$10,2,IF(F24=$L$11,3,IF(F24=$L$12,4,IF(F24=$L$13,5,0)))))*IF(G24=$O$9,1,IF(G24=$O$10,2,IF(G24=$O$11,3,IF(G24=$O$12,4,IF(G24=$O$13,5,0)))))*IF(H24=$N$9,1,IF(H24=$N$10,2,IF(H24=$N$11,3,IF(H24=$N$12,4,IF(H24=$N$13,5,0))))) -> 18 | K24: Oportunidades | L24: =+SUM(I22:I26) -> 150 | M24: =+L24/$L$26 -> 0.20804438
B25: Factores externos (EFE) | C25: Oportunidades | D25: =+FODA!D17 -> O4 | E25: =+FODA!E17 -> calidad en el servicio atraves de las pqrs | F25: Muy importante | G25: Urgente prom. | H25: mejora | I25: =+IF(F25=$L$9,1,IF(F25=$L$10,2,IF(F25=$L$11,3,IF(F25=$L$12,4,IF(F25=$L$13,5,0)))))*IF(G25=$O$9,1,IF(G25=$O$10,2,IF(G25=$O$11,3,IF(G25=$O$12,4,IF(G25=$O$13,5,0)))))*IF(H25=$N$9,1,IF(H25=$N$10,2,IF(H25=$N$11,3,IF(H25=$N$12,4,IF(H25=$N$13,5,0))))) -> 48 | K25: Amenazas | L25: =+SUM(I27:I31) -> 204 | M25: =+L25/$L$26 -> 0.28294036
B26: Factores externos (EFE) | C26: Oportunidades | D26: =+FODA!D18 -> O5 | E26: =+FODA!E18 -> Desarrollor evolutivos | F26: Importante | G26: algo urgente | H26: mejora | I26: =+IF(F26=$L$9,1,IF(F26=$L$10,2,IF(F26=$L$11,3,IF(F26=$L$12,4,IF(F26=$L$13,5,0)))))*IF(G26=$O$9,1,IF(G26=$O$10,2,IF(G26=$O$11,3,IF(G26=$O$12,4,IF(G26=$O$13,5,0)))))*IF(H26=$N$9,1,IF(H26=$N$10,2,IF(H26=$N$11,3,IF(H26=$N$12,4,IF(H26=$N$13,5,0))))) -> 24 | K26: TOTAL | L26: =SUM(L22:L25) -> 721
B27: Factores externos (EFE) | C27: Amenazas | D27: =+FODA!H14 -> A1 | E27: =+FODA!I14 -> tendencia al incremento de app | F27: Importante | G27: no urgente | H27: Se mantiene | I27: =+IF(F27=$L$9,1,IF(F27=$L$10,2,IF(F27=$L$11,3,IF(F27=$L$12,4,IF(F27=$L$13,5,0)))))*IF(G27=$O$9,1,IF(G27=$O$10,2,IF(G27=$O$11,3,IF(G27=$O$12,4,IF(G27=$O$13,5,0)))))*IF(H27=$N$9,1,IF(H27=$N$10,2,IF(H27=$N$11,3,IF(H27=$N$12,4,IF(H27=$N$13,5,0))))) -> 9
B28: Factores externos (EFE) | C28: Amenazas | D28: =+FODA!H15 -> A2 | E28: =+FODA!I15 -> disponibilidad de internet | F28: Importante | G28: algo urgente | H28: mejora | I28: =+IF(F28=$L$9,1,IF(F28=$L$10,2,IF(F28=$L$11,3,IF(F28=$L$12,4,IF(F28=$L$13,5,0)))))*IF(G28=$O$9,1,IF(G28=$O$10,2,IF(G28=$O$11,3,IF(G28=$O$12,4,IF(G28=$O$13,5,0)))))*IF(H28=$N$9,1,IF(H28=$N$10,2,IF(H28=$N$11,3,IF(H28=$N$12,4,IF(H28=$N$13,5,0))))) -> 24
B29: Factores externos (EFE) | C29: Amenazas | D29: =+FODA!H16 -> A3 | E29: =+FODA!I16 -> fallo en los servidor | F29: Importante | G29: Urgente | H29: Se mantiene | I29: =+IF(F29=$L$9,1,IF(F29=$L$10,2,IF(F29=$L$11,3,IF(F29=$L$12,4,IF(F29=$L$13,5,0)))))*IF(G29=$O$9,1,IF(G29=$O$10,2,IF(G29=$O$11,3,IF(G29=$O$12,4,IF(G29=$O$13,5,0)))))*IF(H29=$N$9,1,IF(H29=$N$10,2,IF(H29=$N$11,3,IF(H29=$N$12,4,IF(H29=$N$13,5,0))))) -> 36
B30: Factores externos (EFE) | C30: Amenazas | D30: =+FODA!H17 -> A4 | E30: =+FODA!I17 -> cambio en el sistema de salud | F30: Total importante | G30: Urgente | H30: Se mantiene | I30: =+IF(F30=$L$9,1,IF(F30=$L$10,2,IF(F30=$L$11,3,IF(F30=$L$12,4,IF(F30=$L$13,5,0)))))*IF(G30=$O$9,1,IF(G30=$O$10,2,IF(G30=$O$11,3,IF(G30=$O$12,4,IF(G30=$O$13,5,0)))))*IF(H30=$N$9,1,IF(H30=$N$10,2,IF(H30=$N$11,3,IF(H30=$N$12,4,IF(H30=$N$13,5,0))))) -> 60
B31: Factores externos (EFE) | C31: Amenazas | D31: =+FODA!H18 -> A5 | E31: =+FODA!I18 -> fallo en las actualizaciones de los sistemas operativos | F31: Total importante | G31: muy urgente | H31: Se mantiene | I31: =+IF(F31=$L$9,1,IF(F31=$L$10,2,IF(F31=$L$11,3,IF(F31=$L$12,4,IF(F31=$L$13,5,0)))))*IF(G31=$O$9,1,IF(G31=$O$10,2,IF(G31=$O$11,3,IF(G31=$O$12,4,IF(G31=$O$13,5,0)))))*IF(H31=$N$9,1,IF(H31=$N$10,2,IF(H31=$N$11,3,IF(H31=$N$12,4,IF(H31=$N$13,5,0))))) -> 75

Sheet ESTRATEGIAS 
D2: =+VIMIVA!D2 -> ARCDATA | I2: Código: | J2: =+VIMIVA!N2 -> 0
I3: Versión: | J3: =+VIMIVA!N3 -> 0
D4: ANÁLISIS FODA | I4: Página: | J4: =1+'ESTRATEGIAS '!N4 -> 1
I5: Fecha | J5: =+VIMIVA!N5 -> 0
C7: FODA CRUZADO (ESTRATEGIAS)
B9: FACTORES EXTERNOS FACTORES INTERNOS | D9: O | E9: OPORTUNIDADES (O) | H9: A | I9: AMENAZAS (A)
D10: =+FODA!D14 -> O1 | E10: =+FODA!E14 -> mercado en que se va a generar el proyecto | H10: A1 | I10: =+FODA!I14 -> tendencia al incremento de app
D11: O2 | E11: =+FODA!E15 -> generar tendencia en el producto desarrolado | H11: A2 | I11: =+FODA!I15 -> disponibilidad de internet
D12: O3 | E12: =+FODA!E16 -> escalabilidad aplicación web | H12: A3 | I12: =+FODA!I16 -> fallo en los servidor
D13: O4 | E13: =+FODA!E17 -> calidad en el servicio atraves de las pqrs | H13: A4 | I13: =+FODA!I17 -> cambio en el sistema de salud
D14: O5 | E14: =+FODA!E18 -> Desarrollor evolutivos | H14: A5 | I14: =+FODA!I18 -> fallo en las actualizaciones de los sistemas operativos
B15: FORTALEZAS (F) | D15: FO | E15: ESTRATEGIAS OFENSIVAS (F-O) ¿Cómo podemos usar una fortaleza para explotar una oportunidad? | H15: FA | I15: ESTRATEGIAS DEFENSIVAS (F-A) ¿Cómo podemos usar una fortaleza para minimizar o neutralizar una amenaza?
B16: =+FODA!D8 -> F1 | C16: =+FODA!E8 -> Desarrollo intuitivo con nuevas inteligencias disrruptivas
B17: =+FODA!D9 -> F2 | C17: =+FODA!E9 -> soluciones innovadoras
B18: =+FODA!D10 -> F3 | C18: =+FODA!E10 -> mejorar el servicio de atencion a personas discapacitadas
B19: =+FODA!D11 -> F4 | C19: =+FODA!E11 -> manejamos precios competitivos con calidad y servicio
B20: =+FODA!D12 -> F5 | C20: =+FODA!E12 -> manejo de informacion en una sola plataforma
B21: DEBILIDADES (D) | D21: DO | E21: ESTRATEGIAS DE REORIENTACIÓN (D-O) ¿Cómo podemos corregir una debilidad para poder aprovechar una oportunidad? | H21: DA | I21: ESTRATEGIAS DE SUPERVIVENCIA (D-A) ¿Cómo vamos a trabajar una debilidad para minimizar el efecto de una amenaza?
B22: =+FODA!H8 -> D1 | C22: =+FODA!I8 -> Falta de personal
B23: =+FODA!H9 -> D2 | C23: =+FODA!I9 -> musculo financiero
B24: =+FODA!H10 -> D3 | C24: =+FODA!I10 -> posisionamiento en el mercado
B25: =+FODA!H11 -> D4 | C25: =+FODA!I11 -> tiempo de trabajo del stayholder
B26: =+FODA!H12 -> D5 | C26: =+FODA!I12 -> manejo de herramientas interactivas

Sheet PLANES DE ACCION
C2: =+VIMIVA!D2 -> ARCDATA | E2: Código:
E3: Versión:
C4: ANÁLISIS FODA | E4: Página:
E5: Fecha
B7: PLANES DE ACCIÓN
B9: Tipo de estrategia | C9: Descripción estrategia | D9: Planes de acción | F9: Responsable | G9: Fecha Inicio | H9: Fecha Fin | I9: Estado
B10: =+'ESTRATEGIAS '!D16 -> 0 | C10: =+'ESTRATEGIAS '!E16 -> 0
B11: =+'ESTRATEGIAS '!D17 -> 0 | C11: =+'ESTRATEGIAS '!E17 -> 0
B12: =+'ESTRATEGIAS '!D18 -> 0 | C12: =+'ESTRATEGIAS '!E18 -> 0
B13: =+'ESTRATEGIAS '!H16 -> 0 | C13: =+'ESTRATEGIAS '!I16 -> 0
B14: =+'ESTRATEGIAS '!H17 -> 0 | C14: =+'ESTRATEGIAS '!I17 -> 0
B15: =+'ESTRATEGIAS '!H18 -> 0 | C15: =+'ESTRATEGIAS '!I18 -> 0
B16: =+'ESTRATEGIAS '!D22 -> 0 | C16: =+'ESTRATEGIAS '!E22 -> 0
B17: =+'ESTRATEGIAS '!D23 -> 0 | C17: =+'ESTRATEGIAS '!E23 -> 0
B18: =+'ESTRATEGIAS '!H22 -> 0 | C18: =+'ESTRATEGIAS '!I22 -> 0
B19: =+'ESTRATEGIAS '!H23 -> 0 | C19: =+'ESTRATEGIAS '!I23 -> 0

Sheet DASHBOARD
C2: =+VIMIVA!D2 -> ARCDATA | G2: Código: | H2: =+VIMIVA!J2 -> 0
G3: Versión: | H3: =+VIMIVA!J3 -> 0
C4: ANÁLISIS FODA | G4: Página: | H4: =1+'PLANES DE ACCION'!F4 -> 1
G5: Fecha | H5: =+VIMIVA!J5 -> 0
B7: Visión general de los factores internos y externos
C20: TIPO | D20: % | G20: TIPO | H20: PUNTUACIÓN | K20: ESTADO | L20: TOTAL
C21: Fortalezas | D21: =+FACTORES!M22 -> 0.33009709 | G21: FORTALEZAS | H21: =+FACTORES!L22 -> 238 | K21: Pendiente | L21: =+COUNTIFS('PLANES DE ACCION'!I10:I19,DASHBOARD!K21) -> 0
C22: Debilidades | D22: =+FACTORES!M23 -> 0.17891817 | G22: DEBILIDADES | H22: =+FACTORES!L23 -> 129 | K22: En proceso | L22: =+COUNTIFS('PLANES DE ACCION'!I10:I19,DASHBOARD!K22) -> 0
C23: Oportunidades | D23: =+FACTORES!M24 -> 0.20804438 | G23: OPORTUNIDADES | H23: =+FACTORES!L24 -> 150 | K23: Culminado | L23: =+COUNTIFS('PLANES DE ACCION'!I10:I19,DASHBOARD!K23) -> 0
C24: Amenazas | D24: =+FACTORES!M25 -> 0.28294036 | G24: AMENAZAS | H24: =+FACTORES!L25 -> 204
B27: Índice de situación | D27: =+((H21+H23)-(H22+H24))/((H21+H23)+(H22+H24))*2 -> 0.15256588 | E27: =+IF(D27<-200%,B30,IF(D27<-100%,B31,IF(D27<-30%,B32,IF(D27<100%,B33,B34)))) -> FAVORABLE
B29: SITUACIÓN | C29: MÍNIMO | D29: MÁXIMO
B30: MUY DESFAVORABLE | C30: -2 | D30: -1 | G30: Fortalezas | H30: Tus puntos fuertes son mayores o iguales a tus debilidades, mantén ese buen resultado
B31: DESFAVORABLE | C31: -1 | D31: -0.3 | G31: Debilidades | H31: Tus debilidades son menores o iguales a tus fortalezas, es buena señal, pero no te conformes
B32: EQUILIBRIO | C32: -0.3 | D32: 0.3 | G32: Oportunidades | H32: Tienes más oportunidades que amenazas y eso indica un fururo prometedor, todo lo que necesitas hacer es alinear que fuerzas optimizaran las posibilidades de que realmente ocurran
B33: FAVORABLE | C33: 0.3 | D33: 1 | G33: Amenazas | H33: Sus amenazas son menores que sus oportunidades, pero aún así vale la pena analizar sus amenazas más relevantes y crear planes de acción para ellas
B34: MUY FAVORABLE | C34: 1 | D34: 2
B36: IS= | C36: ((Oportunidades + fuerzas)-(+debilidades +amenazas))/((+fuerzas + oportunidades)+(debildiades+amenazas))x2
